codigo,nombre,nivel,clasificacion,naturaleza,tipo,permite_movimientos
1,ACTIVO,1,ACTIVO,DEBITO,AGRUPADORA,0
11,DISPONIBLE,2,ACTIVO,DEBITO,AGRUPADORA,0
1105,CAJA,3,ACTIVO,DEBITO,AGRUPADORA,0
110505,Caja General,4,ACTIVO,DEBITO,DETALLE,1
110510,Caja Menor,4,ACTIVO,DEBITO,DETALLE,1
1110,BANCOS,3,ACTIVO,DEBITO,AGRUPADORA,0
111005,Bancolombia,4,ACTIVO,DEBITO,DETALLE,1
111010,Banco Bogotá,4,ACTIVO,DEBITO,DETALLE,1
1120,CUENTAS DE AHORRO,3,ACTIVO,DEBITO,AGRUPADORA,0
112005,Bancolombia Ahorros,4,ACTIVO,DEBITO,DETALLE,1
13,DEUDORES,2,ACTIVO,DEBITO,AGRUPADORA,0
1305,Clientes,3,ACTIVO,DEBITO,AGRUPADORA,0
130505,Clientes Nacionales,4,ACTIVO,DEBITO,DETALLE,1
1355,Anticipo de Impuestos y Contribuciones o Saldos a Favor,3,ACTIVO,DEBITO,AGRUPADORA,0
135515,Retención en la Fuente,4,ACTIVO,DEBITO,DETALLE,1
135518,Retención de IVA (Reteiva),4,ACTIVO,DEBITO,DETALLE,1
135520,Anticipo de Impuesto de Renta,4,ACTIVO,DEBITO,DETALLE,1
1380,Deudores Varios,3,ACTIVO,DEBITO,AGRUPADORA,0
138030,Deudores Varios,4,ACTIVO,DEBITO,DETALLE,1
1399,Provisiones (CR),3,ACTIVO,CREDITO,AGRUPADORA,0
139905,Provisión Clientes,4,ACTIVO,CREDITO,DETALLE,1
14,INVENTARIOS,2,ACTIVO,DEBITO,AGRUPADORA,0
1435,Mercancías no Fabricadas por la Empresa,3,ACTIVO,DEBITO,AGRUPADORA,0
143505,Inventario Mercancías,4,ACTIVO,DEBITO,DETALLE,1
1499,Provisiones (D),3,ACTIVO,CREDITO,AGRUPADORA,0
149905,Provisión Inventarios,4,ACTIVO,CREDITO,DETALLE,1
15,PROPIEDADES PLANTA Y EQUIPO,2,ACTIVO,DEBITO,AGRUPADORA,0
1504,Construcciones y Edificaciones,3,ACTIVO,DEBITO,AGRUPADORA,0
150405,Edificaciones,4,ACTIVO,DEBITO,DETALLE,1
1520,Maquinaria y Equipo,3,ACTIVO,DEBITO,AGRUPADORA,0
152005,Maquinaria y Equipo,4,ACTIVO,DEBITO,DETALLE,1
1524,Equipo de Oficina,3,ACTIVO,DEBITO,AGRUPADORA,0
152405,Muebles y Enseres,4,ACTIVO,DEBITO,DETALLE,1
1528,Equipo de Computación y Comunicación,3,ACTIVO,DEBITO,AGRUPADORA,0
152805,Equipos de Computación,4,ACTIVO,DEBITO,DETALLE,1
1540,Flota y Equipo de Transporte,3,ACTIVO,DEBITO,AGRUPADORA,0
154005,Vehículos,4,ACTIVO,DEBITO,DETALLE,1
1596,Equipo de Comedor Cocina Despensa y Hotelería,3,ACTIVO,DEBITO,AGRUPADORA,0
159605,Equipo de Cocina y Hotelería,4,ACTIVO,DEBITO,DETALLE,1
1592,Depreciación Acumulada (CR),3,ACTIVO,CREDITO,AGRUPADORA,0
159205,Depreciación Equipo de Oficina,4,ACTIVO,CREDITO,DETALLE,1
159210,Depreciación Equipo de Cómputo,4,ACTIVO,CREDITO,DETALLE,1
159215,Depreciación Flota y Equipo de Transporte,4,ACTIVO,CREDITO,DETALLE,1
159220,Depreciación Maquinaria y Equipo,4,ACTIVO,CREDITO,DETALLE,1
159225,Depreciación Equipo de Cocina y Hotelería,4,ACTIVO,CREDITO,DETALLE,1
159230,Depreciación Construcciones y Edificaciones,4,ACTIVO,CREDITO,DETALLE,1
17,DIFERIDOS,2,ACTIVO,DEBITO,AGRUPADORA,0
1705,Gastos Pagados por Anticipado,3,ACTIVO,DEBITO,AGRUPADORA,0
170505,Seguros,4,ACTIVO,DEBITO,DETALLE,1
2,PASIVO,1,PASIVO,CREDITO,AGRUPADORA,0
22,PROVEEDORES,2,PASIVO,CREDITO,AGRUPADORA,0
2205,Nacionales,3,PASIVO,CREDITO,AGRUPADORA,0
220505,Proveedores Nacionales,4,PASIVO,CREDITO,DETALLE,1
23,CUENTAS POR PAGAR,2,PASIVO,CREDITO,AGRUPADORA,0
2335,Costos y Gastos por Pagar,3,PASIVO,CREDITO,AGRUPADORA,0
233540,Costos y Gastos por Pagar,4,PASIVO,CREDITO,DETALLE,1
2365,Retención en la Fuente,3,PASIVO,CREDITO,AGRUPADORA,0
236540,Retención en la Fuente,4,PASIVO,CREDITO,DETALLE,1
2367,Impuesto a las Ventas Retenido,3,PASIVO,CREDITO,AGRUPADORA,0
236705,Impuesto a las Ventas Retenido (Reteiva),4,PASIVO,CREDITO,DETALLE,1
2368,Impuesto de Industria y Comercio Retenido,3,PASIVO,CREDITO,AGRUPADORA,0
236805,Impuesto de Industria y Comercio Retenido (Reteica),4,PASIVO,CREDITO,DETALLE,1
2370,Retenciones y Aportes de Nómina,3,PASIVO,CREDITO,AGRUPADORA,0
237005,Retenciones y Aportes de Nómina,4,PASIVO,CREDITO,DETALLE,1
24,IMPUESTOS GRAVÁMENES Y TASAS,2,PASIVO,CREDITO,AGRUPADORA,0
2404,De Renta y Complementarios,3,PASIVO,CREDITO,AGRUPADORA,0
240405,Impuesto de Renta por Pagar,4,PASIVO,CREDITO,DETALLE,1
2408,Impuesto a las Ventas por Pagar,3,PASIVO,CREDITO,AGRUPADORA,0
240805,IVA Generado,4,PASIVO,CREDITO,DETALLE,1
240810,IVA Descontable,4,PASIVO,DEBITO,DETALLE,1
2412,De Industria y Comercio,3,PASIVO,CREDITO,AGRUPADORA,0
241205,Industria y Comercio por Pagar,4,PASIVO,CREDITO,DETALLE,1
25,OBLIGACIONES LABORALES,2,PASIVO,CREDITO,AGRUPADORA,0
2505,Salarios por Pagar,3,PASIVO,CREDITO,AGRUPADORA,0
250505,Salarios por Pagar,4,PASIVO,CREDITO,DETALLE,1
2510,Cesantías Consolidadas,3,PASIVO,CREDITO,AGRUPADORA,0
251005,Cesantías Consolidadas,4,PASIVO,CREDITO,DETALLE,1
2515,Intereses sobre Cesantías,3,PASIVO,CREDITO,AGRUPADORA,0
251505,Intereses sobre Cesantías,4,PASIVO,CREDITO,DETALLE,1
2520,Prima de Servicios,3,PASIVO,CREDITO,AGRUPADORA,0
252005,Prima de Servicios,4,PASIVO,CREDITO,DETALLE,1
2525,Vacaciones Consolidadas,3,PASIVO,CREDITO,AGRUPADORA,0
252505,Vacaciones Consolidadas,4,PASIVO,CREDITO,DETALLE,1
2530,Prestaciones Extralegales,3,PASIVO,CREDITO,AGRUPADORA,0
253005,Prestaciones Extralegales,4,PASIVO,CREDITO,DETALLE,1
2535,Seguridad Social,3,PASIVO,CREDITO,AGRUPADORA,0
253505,Aportes a EPS,4,PASIVO,CREDITO,DETALLE,1
253510,Aportes a Fondos de Pensiones,4,PASIVO,CREDITO,DETALLE,1
253515,Aportes a ARL,4,PASIVO,CREDITO,DETALLE,1
2540,Aportes Parafiscales,3,PASIVO,CREDITO,AGRUPADORA,0
254005,Aportes al SENA,4,PASIVO,CREDITO,DETALLE,1
254010,Aportes al ICBF,4,PASIVO,CREDITO,DETALLE,1
254015,Aportes a Cajas de Compensación,4,PASIVO,CREDITO,DETALLE,1
3,PATRIMONIO,1,PATRIMONIO,CREDITO,AGRUPADORA,0
31,CAPITAL SOCIAL,2,PATRIMONIO,CREDITO,AGRUPADORA,0
3105,Capital Suscrito y Pagado,3,PATRIMONIO,CREDITO,AGRUPADORA,0
310505,Capital Social,4,PATRIMONIO,CREDITO,DETALLE,1
33,RESERVAS,2,PATRIMONIO,CREDITO,AGRUPADORA,0
3305,Reserva Legal,3,PATRIMONIO,CREDITO,AGRUPADORA,0
330505,Reserva Legal,4,PATRIMONIO,CREDITO,DETALLE,1
36,RESULTADOS DEL EJERCICIO,2,PATRIMONIO,CREDITO,AGRUPADORA,0
3605,Utilidad del Ejercicio,3,PATRIMONIO,CREDITO,AGRUPADORA,0
360505,Utilidad del Ejercicio,4,PATRIMONIO,CREDITO,DETALLE,1
37,RESULTADOS DE EJERCICIOS ANTERIORES,2,PATRIMONIO,CREDITO,AGRUPADORA,0
3705,Utilidades Acumuladas,3,PATRIMONIO,CREDITO,AGRUPADORA,0
370505,Utilidades Acumuladas,4,PATRIMONIO,CREDITO,DETALLE,1
4,INGRESOS,1,INGRESO,CREDITO,AGRUPADORA,0
41,OPERACIONALES,2,INGRESO,CREDITO,AGRUPADORA,0
4135,Comercio al por Mayor y al por Menor,3,INGRESO,CREDITO,AGRUPADORA,0
413505,Ventas,4,INGRESO,CREDITO,DETALLE,1
4175,Devoluciones en Ventas (DB),3,INGRESO,DEBITO,AGRUPADORA,0
417505,Devoluciones en Ventas,4,INGRESO,DEBITO,DETALLE,1
42,NO OPERACIONALES,2,INGRESO,CREDITO,AGRUPADORA,0
4210,Financieros,3,INGRESO,CREDITO,AGRUPADORA,0
421005,Rendimientos Financieros,4,INGRESO,CREDITO,DETALLE,1
4295,Diversos,3,INGRESO,CREDITO,AGRUPADORA,0
429530,Ingresos Diversos,4,INGRESO,CREDITO,DETALLE,1
5,GASTOS,1,GASTO,DEBITO,AGRUPADORA,0
51,OPERACIONALES DE ADMINISTRACIÓN,2,GASTO,DEBITO,AGRUPADORA,0
5105,Gastos de Personal,3,GASTO,DEBITO,AGRUPADORA,0
510506,Sueldos,4,GASTO,DEBITO,DETALLE,1
510527,Auxilio de Transporte,4,GASTO,DEBITO,DETALLE,1
510530,Cesantías,4,GASTO,DEBITO,DETALLE,1
510533,Intereses sobre Cesantías,4,GASTO,DEBITO,DETALLE,1
510536,Prima de Servicios,4,GASTO,DEBITO,DETALLE,1
510539,Vacaciones,4,GASTO,DEBITO,DETALLE,1
510568,Aportes a ARL,4,GASTO,DEBITO,DETALLE,1
510569,Aportes a EPS,4,GASTO,DEBITO,DETALLE,1
510570,Aportes a Fondos de Pensiones,4,GASTO,DEBITO,DETALLE,1
510572,Aportes ICBF SENA y Cajas de Compensación,4,GASTO,DEBITO,DETALLE,1
5110,Honorarios,3,GASTO,DEBITO,AGRUPADORA,0
511005,Honorarios,4,GASTO,DEBITO,DETALLE,1
5115,Impuestos,3,GASTO,DEBITO,AGRUPADORA,0
511520,Industria y Comercio,4,GASTO,DEBITO,DETALLE,1
511595,Otros,4,GASTO,DEBITO,DETALLE,1
5120,Arrendamientos,3,GASTO,DEBITO,AGRUPADORA,0
512005,Construcciones y Edificaciones,4,GASTO,DEBITO,DETALLE,1
5125,Contribuciones y Afiliaciones,3,GASTO,DEBITO,AGRUPADORA,0
512505,Contribuciones y Afiliaciones,4,GASTO,DEBITO,DETALLE,1
5130,Seguros,3,GASTO,DEBITO,AGRUPADORA,0
513005,Seguros,4,GASTO,DEBITO,DETALLE,1
5135,Servicios,3,GASTO,DEBITO,AGRUPADORA,0
513525,Acueducto y Energía,4,GASTO,DEBITO,DETALLE,1
513530,Aseo y Vigilancia,4,GASTO,DEBITO,DETALLE,1
513535,Teléfono e Internet,4,GASTO,DEBITO,DETALLE,1
5140,Gastos Legales,3,GASTO,DEBITO,AGRUPADORA,0
514005,Gastos Legales,4,GASTO,DEBITO,DETALLE,1
5145,Mantenimiento y Reparaciones,3,GASTO,DEBITO,AGRUPADORA,0
514505,Mantenimiento y Reparaciones,4,GASTO,DEBITO,DETALLE,1
5150,Adecuación e Instalación,3,GASTO,DEBITO,AGRUPADORA,0
515005,Adecuación e Instalación,4,GASTO,DEBITO,DETALLE,1
5155,Gastos de Viaje,3,GASTO,DEBITO,AGRUPADORA,0
515505,Gastos de Viaje,4,GASTO,DEBITO,DETALLE,1
5160,Depreciaciones,3,GASTO,DEBITO,AGRUPADORA,0
516005,Depreciación Equipo de Oficina,4,GASTO,DEBITO,DETALLE,1
516010,Depreciación Equipo de Cómputo,4,GASTO,DEBITO,DETALLE,1
516015,Depreciación Flota y Equipo de Transporte,4,GASTO,DEBITO,DETALLE,1
516020,Depreciación Maquinaria y Equipo,4,GASTO,DEBITO,DETALLE,1
516025,Depreciación Equipo de Cocina y Hotelería,4,GASTO,DEBITO,DETALLE,1
516030,Depreciación Construcciones y Edificaciones,4,GASTO,DEBITO,DETALLE,1
5195,Diversos,3,GASTO,DEBITO,AGRUPADORA,0
519505,Provisión Cartera,4,GASTO,DEBITO,DETALLE,1
519595,Gastos Diversos,4,GASTO,DEBITO,DETALLE,1
53,NO OPERACIONALES,2,GASTO,DEBITO,AGRUPADORA,0
5305,Financieros,3,GASTO,DEBITO,AGRUPADORA,0
530515,Comisiones,4,GASTO,DEBITO,DETALLE,1
530520,Gastos Bancarios,4,GASTO,DEBITO,DETALLE,1
5395,Gastos Diversos,3,GASTO,DEBITO,AGRUPADORA,0
539540,Pérdida en Baja de Activos Fijos,4,GASTO,DEBITO,DETALLE,1
539595,Gastos Diversos No Operacionales,4,GASTO,DEBITO,DETALLE,1
6,COSTOS DE VENTAS,1,COSTO,DEBITO,AGRUPADORA,0
61,COSTO DE VENTAS Y DE PRESTACIÓN DE SERVICIOS,2,COSTO,DEBITO,AGRUPADORA,0
6135,Comercio al por Mayor y al por Menor,3,COSTO,DEBITO,AGRUPADORA,0
613505,Costo de Ventas,4,COSTO,DEBITO,DETALLE,1
